{"acc": 0.8903577442414455, "loss": 0.09560893850384954, "_timestamp": 1710423024.118295, "_runtime": 2.2660210132598877, "_step": 7, "_wandb": {"runtime": 1}}